<?xml version="1.0" encoding="UTF-8" ?>
<!DOCTYPE mapper PUBLIC "-//mybatis.org//DTD Mapper 3.0//EN" "http://mybatis.org/dtd/mybatis-3-mapper.dtd" >
<mapper namespace="com.pfpj.dao.UserMapper" >
    <resultMap id="BaseResultMap" type="com.pfpj.entity.SvnUser">
        <result column="svn_username" property="svnUserName" javaType="String"></result>
        <result column="svn_userpwd" property="svnUserPwd" javaType="String"></result>
        <result column="svn_user_status" property="svnUserStatus" javaType="String"></result>
    </resultMap>
    <select id="querySvnUserByUserName" parameterType="java.lang.String" resultMap="BaseResultMap">
        SELECT   svn_username ,svn_userpwd , svn_user_status from svnuser
        WHERE svn_username = #{svnUserName}
    </select>
    <select id="querySvnUserAll" parameterType="com.pfpj.entity.SvnUser" resultMap="BaseResultMap">
        SELECT   svn_username ,svn_userpwd ,  svn_user_status from svnuser
        where svn_user_status = '0'
    </select>

    <insert id="saveSvnUser" parameterType="com.pfpj.entity.SvnUser">
        INSERT  into  svnuser  value(#{svnUserName},#{svnUserPwd},#{svnUserStatus})
    </insert>
    <update id="updateSvnUser" parameterType="com.pfpj.entity.SvnUser">
        UPDATE svnuser SET svn_userpwd = #{svnUserPwd} where svn_username = #{svnUserName}
    </update>
    <select id="queryBySvnUserName" parameterType="java.lang.String" resultMap="BaseResultMap">
         SELECT   svn_username ,svn_userpwd ,  svn_user_status from svnuser
         where svn_username = #{svnUserName}
    </select>

    <update id="deleteSvnUser" parameterType="java.lang.String">
        UPDATE svnuser SET  svn_user_status = '1'where svn_username = #{svnUserName}
    </update>
  
</mapper>